{"43rBIPPVqD2Jpw61UbScNA==":"medhanet_heroimage-892x587.jpg","/CoJJxhG7PqE3iaNjR55bQ==":"medhanet-heroimage.jpeg","k9psonUo54Vaq24Vx9KU3g==":"mbr.jpg","8s5Chmir4umkaoF3Opx5Sg==":"medhanet-heroimage-1.jpeg","12HRoSurrPSd2CK6BDKOCQ==":"medhanet_heroimage-892x587.jpeg","BgGC2nPBT9qlSg2M3/0i/Q==":"mbr-1920x1279.jpg","GcaiQQ0QcNr0VtvUvk/qpw==":"background2.jpeg","rIQV6oO2TujRQtnDReDFoQ==":"mbr-192x190.png","sZPec++s1TuyGd6cb7umrA==":"medhanet_whitebg_logo-122x122.jpg","Ewgjsiptxew2X9e/CyOUhw==":"medhanet_whitebg_logo-122x122.jpeg","JkQ9znCQL6O8AnQqsmLO8Q==":"medhanet_logo-124x34.png","nQPZHlfpBJ/SeMi3JBtNbQ==":"medhanet_whitebg_logo-700x700.jpg","8ua9LQ9ucinwZSK2iCYI5w==":"medhanet%202%20png-01%20(1)-192x192.png","0byjT7tx+OCLQhFOWXVXSA==":"medhanet%202-1-192x192.jpeg","Neu2RcleaQsTuYSPl2Z/wA==":"medhanet%202-1-342x342.jpeg","nJjeW1dgXCeKvz93lhTVlg==":"medhanet%202-1-192x192.jpeg","dwDbuKQdR0MoVnUz/XU8BQ==":"medhanet%202-1-192x192.jpeg","21iQ0sMC916w6R820OtPXA==":"medhanet%202-1-192x192.jpeg","Iis4FJGqcx+0+jddf/KWtw==":"medhanet%202-1-342x342.jpeg","E3TTyryKNKaJ3e2YIlEyKw==":"medhanet%202%20png-01%20(1)-526x526.png","Z9OwqnyH+ECeZ7o3Q8o4/A==":"medhanet_vertical_white_logo-192x155.png","pa5Dkwo/T1qgW/t0h+fQvA==":"background5.jpg","pngfZbDF9kfZjRKyWqXKJQ==":"prescription1-506x285.jpeg","mS06LBXQVI/IURhOIHbUyA==":"medicationreview1-271x186.jpeg","m1J7sy6qZ0O2ijOC9FGU3w==":"medicationreview1-1-271x186.jpeg","xb3trw/KzwR+El49mmycHw==":"medicationreview1-2-271x186.jpeg","4jN4p/hE1z9szsZ3FimCkg==":"medicationreview2-506x337.jpg","qXITcqo1z+OmrA+uul8xAA==":"medicationreview2_v2-506x336.jpg","3NVOjOtZgUDJoyAJ+GyHdA==":"medicationreview2_v2-506x309.jpg","a2DjiW74zxoRoyT0bFhCQA==":"medicationreview2_v2-506x290.jpg","pVjtoKKuX3tFohMBCGk5Tg==":"mbr-506x337.jpg","VEtG+rvgjHy9sLLtgRjZaA==":"mbr-506x337.jpeg","QKCTA3yLq2d8JBbESCqaig==":"mbr-1-506x337.jpeg","AS8DThmD3H+U5QSosVjlbQ==":"mbr-2-506x337.jpeg","WOFIv+eFLMjMToXHZr/lfQ==":"mbr-3-506x337.jpeg","4FYX6cYki4D1U8DvO6/Psw==":"mbr-4-506x337.jpeg","BhhC+Fy+59lYkUlcsy+u1Q==":"mbr-1-506x337.jpg","f3Fq5QGb88ch4aq6YS6wNw==":"mbr-5-506x337.jpeg","XQkUREQx3CJJinDZnPOSRA==":"mbr-6-506x337.jpeg","t1DvXH4wx7buw7BZhEP5zA==":"mbr-7-506x337.jpeg","Vju1UADRJk8Ps3lEPfoftQ==":"calendar_reminder-506x326.jpg","KHyqcZRqq5npvNaMKou9Tw==":"calendar_reminder-506x326.jpeg","DjP1W9MVTaeSjkgySlKR7Q==":"medicine_delivery-506x273.jpg","HJxesGJvHEW2qDwMtVmGDg==":"medicine_delivery-506x273.jpeg","6gi4XsleUkJnPalK00NZ5A==":"medicine_delivery-1-506x273.jpeg","Yum2dzd26qXXL8lwiJNkhA==":"medicine_delivery-2-506x273.jpeg","OM6hTwqMAQpTVhLcPG86xg==":"background1.jpg","sT80Y4RCGNBrSInGgrjIuA==":"background3.jpg","XjG4yPiUNZ7dQdkYadNQeQ==":"prescription1-1-506x285.jpeg","UAc7kepzJPkrSn4uqTRvmw==":"background4.jpg"}